policy_type,total_premium,total_claims,claim_ratio
Health,225331111,100463011,0.44584616191769455
Life,90193239,41277547,0.45765677624683154
Motor,136760082,64552033,0.4720093177481423
