region,policies,claims,claim_frequency
East,4968,1236,0.24879227053140096
North,5029,1290,0.256512229071386
South,4947,1218,0.24620982413583992
West,5056,1284,0.25395569620253167
